V+A1:P14BELN,POSNR,KUNNR,NAME1,ORT01,PSTLZ,MATNR,ARKTX,LFIMG,VRKME,BRGEW,GEWEI,WADAT,
80001234,10,100245,Sri Balaji Stores,Bengaluru,560034,FG-1001,Masala Oats 500g,24,CS,14.4,KG,02-10-2026,
80001234,20,100245,Sri Balaji Stores,Bengaluru,560034,FG-2003,Tomato Ketchup 1kg,12,CS,13.2,KG,02-10-2026,
80001235,10,100317,Ganesh Mart,Bengaluru,560076,FG-1001,Masala Oats 500g,10,CS,6,KG,02-10-2026,
80001235,20,100317,Ganesh Mart,Bengaluru,560076,FG-3010,Instant Noodles 70g,40,CS,11.2,KG,02-10-2026,
80001236,10,100402,New Fresh Mart,Bengaluru,560068,FG-2003,Tomato Ketchup 1kg,8,CS,,KG,02-10-2026,
80001237,10,100999,Om Provisions,Bengaluru,560037,FG-3010,Instant Noodles 70g,20,CS,5.6,KG,02-10-2026,
80001238,10,100118,Lakshmi Traders,Bengaluru,560041,FG-1001,Masala Oats 500g,16,CS,9.6,KG,02-10-2026,
80001238,20,100118,Lakshmi Traders,Bengaluru,560041,FG-4005,Mango Pickle 400g,6,CS,7.2,KG,02-10-2026,
80001238,30,100118,Lakshmi Traders,Bengaluru,560041,FG-3010,Instant Noodles 70g,30,CS,8.4,KG,02-10-2026,
80001239,10,100533,Annapoorna Supermarket,Bengaluru,560011,FG-2003,Tomato Ketchup 1kg,20,CS,22,KG,02-10-2026,
80001239,20,100533,Annapoorna Supermarket,Bengaluru,560011,FG-5002,Wheat Flour 5kg,15,CS,76.5,KG,02-10-2026,
80001240,10,100274,Royal Kirana,Bengaluru,560078,FG-5002,Wheat Flour 5kg,10,CS,51,KG,02-10-2026,
80001241,10,100650,Daily Needs Store,Bengaluru,560102,FG-1001,Masala Oats 500g,12,CS,7.2,KG,02-10-2026,
80001241,20,100650,Daily Needs Store,Bengaluru,560102,FG-4005,Mango Pickle 400g,4,CS,4.8,KG,02-10-2026,
80001242,10,100381,Venkateshwara Provisions,Bengaluru,560043,FG-3010,Instant Noodles 70g,50,CS,14,KG,02-10-2026,
80001242,20,100381,Venkateshwara Provisions,Bengaluru,560043,FG-2003,Tomato Ketchup 1kg,10,CS,11,KG,02-10-2026,
80001243,10,100712,Green Basket,Bengaluru,560066,FG-5002,Wheat Flour 5kg,8,CS,40.8,KG,02-10-2026,
80001243,20,100712,Green Basket,Bengaluru,560066,FG-1001,Masala Oats 500g,18,CS,10.8,KG,02-10-2026,
80001244,10,100159,Sai Ram Stores,Bengaluru,560085,FG-4005,Mango Pickle 400g,10,CS,12,KG,02-10-2026,
80001245,10,100826,City Fresh Mart,Bengaluru,560095,FG-3010,Instant Noodles 70g,25,CS,7,KG,02-10-2026,
80001245,20,100826,City Fresh Mart,Bengaluru,560095,FG-2003,Tomato Ketchup 1kg,6,CS,6.6,KG,02-10-2026,
,,,,,,,,,,,,,
,,,,,,,,,,,,,
,,,,,,,,,,,,,
,,,,,,,,,,,,,
